<?xml version="1.0" encoding="UTF-8" standalone="yes"?>
<manifest>
  <control namespace="IFrameComponent" constructor="TSIFrameControl" version="1.1.0" display-name-key="TS_IFrameControl_Display_Key" description-key="TS_IFrameControl_Desc_Key" control-type="standard" api-version="1.2.3">
    <property name="stringProperty" display-name-key="stringProperty_Display_Key" description-key="stringProperty_Desc_Key" of-type="SingleLine.Text" usage="bound" required="true"/>
    <property name="srcValue" display-name-key="URL_Value" description-key="src" of-type="SingleLine.Text" usage="bound" required="true"/>
    <property name="markerID" display-name-key="URL_Value" description-key="src" of-type="SingleLine.Text" usage="bound" required="true"/>
    <resources>
      <code path="bundle.js" order="1"/>
      <css path="css/TS_IFrameControl.css" order="2"/>
      <resx path="strings/TS_IFrameControl.1033.resx" version="1.0.0"/>
    </resources>
    <built-by name="pac" version="1.5.5"/>
  </control>
</manifest>